property_id,property_name,category,city
16558,Sigma Grands,Luxury,Delhi
16559,Sigma Exotica,Luxury,Mumbai
16560,Sigma City,Business,Delhi
16561,Sigma Blu,Luxury,Delhi
16562,Sigma Bay,Luxury,Delhi
16563,Sigma Palace,Business,Delhi
17558,Sigma Grands,Luxury,Mumbai
17559,Sigma Exotica,Luxury,Mumbai
17560,Sigma City,Business,Mumbai
17561,Sigma Blu,Luxury,Mumbai
17562,Sigma Bay,Luxury,Mumbai
17563,Sigma Palace,Business,Mumbai
18558,Sigma Grands,Luxury,Hyderabad
18559,Sigma Exotica,Luxury,Hyderabad
18560,Sigma City,Business,Hyderabad
18561,Sigma Blu,Luxury,Hyderabad
18562,Sigma Bay,Luxury,Hyderabad
18563,Sigma Palace,Business,Hyderabad
19558,Sigma Grands,Luxury,Bangalore
19559,Sigma Exotica,Luxury,Bangalore
19560,Sigma City,Business,Bangalore
19561,Sigma Blu,Luxury,Bangalore
19562,Sigma Bay,Luxury,Bangalore
19563,Sigma Palace,Business,Bangalore
17564,Sigma Seasons,Business,Mumbai
